global_step,eval_loss,train_loss
1365,0.8688403287503336,0.3659569025039673
2500,0.8567826583582375,0.3759220540523529
2730,0.8581027057953179,0.5054237246513367
